[
  {
    "code": "LK-1",
    "country_code": "LK",
    "name": "Basn\u0101hira pa\u1e37\u0101ta",
    "parent_code": null,
    "type": "Province"
  },
  {
    "code": "LK-11",
    "country_code": "LK",
    "name": "K\u014f\u1e37amba",
    "parent_code": "LK-1",
    "type": "District"
  },
  {
    "code": "LK-12",
    "country_code": "LK",
    "name": "Gampaha",
    "parent_code": "LK-1",
    "type": "District"
  },
  {
    "code": "LK-13",
    "country_code": "LK",
    "name": "Ka\u1e37utara",
    "parent_code": "LK-1",
    "type": "District"
  },
  {
    "code": "LK-2",
    "country_code": "LK",
    "name": "Madhyama pa\u1e37\u0101ta",
    "parent_code": null,
    "type": "Province"
  },
  {
    "code": "LK-21",
    "country_code": "LK",
    "name": "Mahanuvara",
    "parent_code": "LK-2",
    "type": "District"
  },
  {
    "code": "LK-22",
    "country_code": "LK",
    "name": "M\u0101tale",
    "parent_code": "LK-2",
    "type": "District"
  },
  {
    "code": "LK-23",
    "country_code": "LK",
    "name": "Nuvara \u0114liya",
    "parent_code": "LK-2",
    "type": "District"
  },
  {
    "code": "LK-3",
    "country_code": "LK",
    "name": "Daku\u1e47u pa\u1e37\u0101ta",
    "parent_code": null,
    "type": "Province"
  },
  {
    "code": "LK-31",
    "country_code": "LK",
    "name": "G\u0101lla",
    "parent_code": "LK-3",
    "type": "District"
  },
  {
    "code": "LK-32",
    "country_code": "LK",
    "name": "M\u0101tara",
    "parent_code": "LK-3",
    "type": "District"
  },
  {
    "code": "LK-33",
    "country_code": "LK",
    "name": "Hambant\u014f\u1e6da",
    "parent_code": "LK-3",
    "type": "District"
  },
  {
    "code": "LK-4",
    "country_code": "LK",
    "name": "Uturu pa\u1e37\u0101ta",
    "parent_code": null,
    "type": "Province"
  },
  {
    "code": "LK-41",
    "country_code": "LK",
    "name": "Y\u0101panaya",
    "parent_code": "LK-4",
    "type": "District"
  },
  {
    "code": "LK-42",
    "country_code": "LK",
    "name": "Kilin\u014fchchi",
    "parent_code": "LK-4",
    "type": "District"
  },
  {
    "code": "LK-43",
    "country_code": "LK",
    "name": "Mann\u0101rama",
    "parent_code": "LK-4",
    "type": "District"
  },
  {
    "code": "LK-44",
    "country_code": "LK",
    "name": "Vavuniy\u0101va",
    "parent_code": "LK-4",
    "type": "District"
  },
  {
    "code": "LK-45",
    "country_code": "LK",
    "name": "Mulativ",
    "parent_code": "LK-4",
    "type": "District"
  },
  {
    "code": "LK-5",
    "country_code": "LK",
    "name": "N\u00e6\u0306g\u0115nahira pa\u1e37\u0101ta",
    "parent_code": null,
    "type": "Province"
  },
  {
    "code": "LK-51",
    "country_code": "LK",
    "name": "Ma\u1e0dakalapuva",
    "parent_code": "LK-5",
    "type": "District"
  },
  {
    "code": "LK-52",
    "country_code": "LK",
    "name": "Amp\u0101ara",
    "parent_code": "LK-5",
    "type": "District"
  },
  {
    "code": "LK-53",
    "country_code": "LK",
    "name": "Triku\u1e47\u0101malaya",
    "parent_code": "LK-5",
    "type": "District"
  },
  {
    "code": "LK-6",
    "country_code": "LK",
    "name": "Vayamba pa\u1e37\u0101ta",
    "parent_code": null,
    "type": "Province"
  },
  {
    "code": "LK-61",
    "country_code": "LK",
    "name": "Kuru\u1e47\u00e6gala",
    "parent_code": "LK-6",
    "type": "District"
  },
  {
    "code": "LK-62",
    "country_code": "LK",
    "name": "Puttalama",
    "parent_code": "LK-6",
    "type": "District"
  },
  {
    "code": "LK-7",
    "country_code": "LK",
    "name": "Uturum\u00e6\u0306da pa\u1e37\u0101ta",
    "parent_code": null,
    "type": "Province"
  },
  {
    "code": "LK-71",
    "country_code": "LK",
    "name": "Anur\u0101dhapura",
    "parent_code": "LK-7",
    "type": "District"
  },
  {
    "code": "LK-72",
    "country_code": "LK",
    "name": "P\u014f\u1e37\u014fnnaruva",
    "parent_code": "LK-7",
    "type": "District"
  },
  {
    "code": "LK-8",
    "country_code": "LK",
    "name": "\u016ava pa\u1e37\u0101ta",
    "parent_code": null,
    "type": "Province"
  },
  {
    "code": "LK-81",
    "country_code": "LK",
    "name": "Badulla",
    "parent_code": "LK-8",
    "type": "District"
  },
  {
    "code": "LK-82",
    "country_code": "LK",
    "name": "M\u014f\u1e47ar\u0101gala",
    "parent_code": "LK-8",
    "type": "District"
  },
  {
    "code": "LK-9",
    "country_code": "LK",
    "name": "Sabaragamuva pa\u1e37\u0101ta",
    "parent_code": null,
    "type": "Province"
  },
  {
    "code": "LK-91",
    "country_code": "LK",
    "name": "Ratnapura",
    "parent_code": "LK-9",
    "type": "District"
  },
  {
    "code": "LK-92",
    "country_code": "LK",
    "name": "K\u00e6galla",
    "parent_code": "LK-9",
    "type": "District"
  }
]